DROP TABLE IF EXISTS ad;
DROP TABLE IF EXISTS category;
DROP TABLE IF EXISTS tag;
DROP TABLE IF EXISTS ad_tag;

PRAGMA foreign_keys = ON;

CREATE TABLE ad (
	id INTEGER PRIMARY KEY AUTOINCREMENT,
	title TEXT,
	description TEXT,
	author TEXT,
	price INT,
	pictureUrl TEXT,
	city TEXT,
	createdAt DATETIME DEFAULT CURRENT_TIMESTAMP,
	categoryId INTEGER NOT NULL,
	FOREIGN KEY (categoryId) REFERENCES category(id)
);

CREATE TABLE category (
	id INTEGER PRIMARY KEY AUTOINCREMENT,
	label TEXT
);

CREATE TABLE tag (
	id INTEGER PRIMARY KEY AUTOINCREMENT,
	label TEXT
);

CREATE TABLE ad_tag (
	id INTEGER PRIMARY KEY AUTOINCREMENT,
	adId INTEGER,
	tagId INTEGER,
	createdAt DATETIME DEFAULT CURRENT_TIMESTAMP,
	FOREIGN KEY (adId) REFERENCES ad(id),
	FOREIGN KEY (tagId) REFERENCES tag(id)
);

INSERT INTO category (id, label) 
	VALUES 
		(1, 'Autre'), 
		(2, 'Vehicule'), 
		(3, 'Multimédia'), 
		(4, 'Meuble');

INSERT INTO tag (id, label) 
    VALUES 
			(1, 'Bon plan'), 
			(2, 'Coup de coeur'), 
			(3, 'Neuf'), 
			(4, 'Occasion');

INSERT INTO ad (id, title, description, author, price, pictureUrl, city, createdAt, categoryId)
    VALUES
        (1, 'Vélo de route carbone', 'Vélo en excellent état, très léger, idéal pour les longues sorties.', 'JeanDupont', 1200, 'https://picsum.photos/id/26/200/300', 'Lyon', '2025-03-23 10:00:00', 2),
        (2, 'Table basse en bois massif', 'Table en chêne massif, quelques traces d''usure.', 'MarieCurie', 150, 'https://picsum.photos/id/27/200/300', 'Bordeaux', '2025-03-22 15:30:00', 4),
        (3, 'PC portable gaming', 'RTX 3070, i7, 16Go RAM, excellent pour les jeux récents.', 'Gamer34', 900, 'https://picsum.photos/id/28/200/300', 'Paris', '2025-03-20 08:15:00', 3),
        (4, 'Canapé 3 places', 'Grand canapé confortable, tissu gris, parfait état.', 'SophieM', 500, 'https://picsum.photos/id/29/200/300', 'Marseille', '2025-03-21 17:45:00', 2),
        (5, 'iPhone 13 Pro', 'Modèle 256Go, état impeccable, vendu avec boîte.', 'TechFan', 850, 'https://picsum.photos/id/30/200/300', 'Nice', '2025-03-19 12:00:00', 3),
        (6, 'Guitare acoustique Fender', 'Sonorité magnifique, cordes neuves.', 'Musicaddict', 300, 'https://picsum.photos/id/31/200/300', 'Lille', '2025-03-18 14:10:00', 1),
        (7, 'Lot de livres de science-fiction', 'Collection de 10 livres, Asimov, Clarke, Herbert.', 'BookLover', 50, 'https://picsum.photos/id/32/200/300', 'Toulouse', '2025-03-23 09:30:00', 1),
        (8, 'Trottinette électrique', 'Autonomie 30km, vitesse max 25km/h.', 'Ecomobility', 400, 'https://picsum.photos/id/33/200/300', 'Strasbourg', '2025-03-22 18:20:00', 2),
        (9, 'Montre connectée Garmin', 'Idéale pour le sport, GPS intégré.', 'Sportif75', 200, 'https://picsum.photos/id/34/200/300', 'Rennes', '2025-03-21 07:45:00', 3),
        (10, 'Lit en bois avec matelas', 'Lit double 140x200 avec matelas mémoire de forme.', 'EmmaD', 600, 'https://picsum.photos/id/10/200/300', 'Nantes', '2025-03-20 16:30:00', 4),
        (11, 'Sac de randonnée 50L', 'Parfait pour trek, nombreuses poches.', 'Randopassion', 80, 'https://picsum.photos/id/11/200/300', 'Grenoble', '2025-03-19 13:55:00', 1),
        (12, 'Appareil photo reflex Canon', 'Canon EOS 90D avec objectif 18-135mm.', 'PhotoPro', 1100, 'https://picsum.photos/id/12/200/300', 'Montpellier', '2025-03-18 10:40:00', 3),
        (13, 'Chaussures de trail Salomon', 'Pointure 42, très bon état.', 'TrailRunner', 70, 'https://picsum.photos/id/13/200/300', 'Dijon', '2025-03-23 11:00:00', 1),
        (14, 'Enceinte Bluetooth JBL', 'Puissante et étanche, parfait pour l''extérieur.', 'MusicFan', 120, 'https://picsum.photos/id/14/200/300', 'Metz', '2025-03-22 14:25:00', 3),
        (15, 'Voiture d''occasion Renault Clio', 'Clio 4, 2018, 75000km, très bon état.', 'AutoLover', 8900, 'https://picsum.photos/id/15/200/300', 'Rouen', '2025-03-21 16:15:00', 2),
        (16, 'Bureau en verre', 'Design moderne, parfait pour le télétravail.', 'HomeOffice', 250, 'https://picsum.photos/id/16/200/300', 'Brest', '2025-03-20 08:05:00', 4),
        (17, 'Lave-linge Bosch', 'Capacité 7kg, classe A++.', 'EcoWash', 300, 'https://picsum.photos/id/17/200/300', 'Orléans', '2025-03-19 20:45:00', 1),
        (18, 'Lot de jeux PS5', '5 jeux récents en excellent état.', 'GamerX', 150, 'https://picsum.photos/id/18/200/300', 'Le Havre', '2025-03-18 09:20:00', 3),
        (19, 'Poussette bébé', 'Poussette 3 roues tout terrain.', 'BabyCare', 180, 'https://picsum.photos/id/19/200/300', 'Perpignan', '2025-03-17 17:50:00', 2),
        (20, 'Piano numérique Yamaha', 'Idéal pour débutants et confirmés.', 'PianisteAmateur', 450, 'https://picsum.photos/id/20/200/300', 'Avignon', '2025-03-16 12:30:00', 3),
        (21, 'Tondeuse thermique', 'Puissante et efficace, idéale pour grand jardin.', 'Jardinier', 220, 'https://picsum.photos/id/21/200/300', 'Limoges', '2025-03-15 08:10:00', 1),
        (22, 'Climatiseur mobile', 'Puissance 12000 BTU, parfait pour l''été.', 'CoolLife', 350, 'https://picsum.photos/id/22/200/300', 'Besançon', '2025-03-14 18:00:00', 1),
        (23, 'Lampe de chevet design', 'Éclairage LED avec variateur.', 'Decoraddict', 40, 'https://picsum.photos/id/23/200/300', 'Valence', '2025-03-13 22:45:00', 4),
        (24, 'Tablette Samsung Galaxy Tab S8', 'Écran 11", 128Go, avec stylet.', 'TechGuru', 600, 'https://picsum.photos/id/24/200/300', 'Clermont-Ferrand', '2025-03-12 15:20:00', 3),
        (25, 'Chaise de bureau ergonomique', 'Idéale pour le télétravail.', 'ConfortOffice', 180, 'https://picsum.photos/id/25/200/300', 'Toulon', '2025-03-11 09:00:00', 4);

INSERT INTO ad_tag (adId, tagId) 
	VALUES 
		(1, 4), 
		(2, 4), 
		(3, 3), (3, 4), 
		(4, 4), 
		(5, 3), 
		(6, 4), 
		(7, 4), 
		(8, 3), 
		(9, 3), (9, 2), 
		(10, 4), 
		(11, 1), (11, 4), 
		(12, 3), (12, 2), 
		(13, 4), 
		(14, 3), (14, 1), 
		(15, 4), 
		(16, 4), 
		(17, 4), 
		(18, 4), 
		(19, 4), 
		(20, 3), (20, 2), 
		(21, 4), 
		(22, 3), (22, 1), 
		(23, 3), (23, 2), 
		(24, 3), 
		(25, 3), (25, 1);

SELECT * FROM ad;
SELECT * FROM category;
SELECT * FROM tag;